source_product_id,supermarket,brand_std,is_no_brand,override_source
cfea11adc3ca7ecb996d30dfc22219c2,dia,La Española,false,user_confirmed_brand_rule
4d7bf12eccd24cc5d4363d1c840ead9d,dia,La Española,false,user_confirmed_brand_rule
7bfba142d5f84d03c515ebb0314c546a,dia,La Española,false,user_confirmed_brand_rule
021c1c2a3bb218f7f7b0d9a002759642,dia,La Española,false,user_confirmed_brand_rule
8b26e85b1a679849edbeb16d755e0c24,dia,La Española,false,user_confirmed_brand_rule
aae15e841da50a19586075c0eadca7e1,carrefour,La Española,false,user_confirmed_brand_rule
329660957ceaaf989990a33855c77975,carrefour,De Nuestra Tierra,false,user_confirmed_brand_rule
846a50a2e674ef895884404220ce4cc7,carrefour,La Española,false,user_confirmed_brand_rule
ec83f7bd8b58c34a73ce4b9b010479bc,carrefour,De Nuestra Tierra,false,user_confirmed_brand_rule
e569a60af5e8fef6eb6e8da66ffb1928,carrefour,De Nuestra Tierra,false,user_confirmed_brand_rule
d81e6d814387bd6083d31454cbd97914,carrefour,De Nuestra Tierra,false,user_confirmed_brand_rule
f48a6c76986ca9a6de5ef1b283169cdb,carrefour,La Española,false,user_confirmed_brand_rule
14e8a329efdcb3eb292406c1f5691f32,carrefour,De Nuestra Tierra,false,user_confirmed_brand_rule
65ff8b0ac24a72a2b0699ed5a173691d,dia,La Española,false,user_confirmed_brand_rule
7feb36bc203eb537bec53422766016df,dia,La Española,false,user_confirmed_brand_rule
6612b7b619c8937babf678ddc5767291,dia,La Española,false,user_confirmed_brand_rule
6c467d57322eaf1ac74eced160e39c2a,dia,La Española,false,user_confirmed_brand_rule
7f9e52d836ca64686cdf39a92044301e,carrefour,La Española,false,user_confirmed_brand_rule
2237dcac11f7e18844350dade6d75899,carrefour,De Nuestra Tierra,false,user_confirmed_brand_rule
d8b7fbdbbe732c371208db211d0783bb,carrefour,La Española,false,user_confirmed_brand_rule
ba93be81fd171e9d423c224e40cbb09a,carrefour,De Nuestra Tierra,false,user_confirmed_brand_rule
8aabed4ca2d5420e9e4398f9530548fa,carrefour,De Nuestra Tierra,false,user_confirmed_brand_rule
f9f70d561e3c0256c9d421da23577903,carrefour,De Nuestra Tierra,false,user_confirmed_brand_rule
a429935f1a2d69f4fee3e67988fb7b1a,carrefour,De Nuestra Tierra,false,user_confirmed_brand_rule
fd5140163fcb9aecbd8275e1f43e31e7,carrefour,De Nuestra Tierra,false,user_confirmed_brand_rule
f83f44826c271239b12066dbb7e3e11c,carrefour,De Nuestra Tierra,false,user_confirmed_brand_rule
37a9e20ab11f0632c09e1ed779a48910,carrefour,De Nuestra Tierra,false,user_confirmed_brand_rule
ad7b441d3741308fc3f1317000f69038,carrefour,La Fallera,false,user_confirmed_brand_rule
421dc7b1e8a5684b165cb545edaae193,carrefour,La Fallera,false,user_confirmed_brand_rule
4f552c7d1300b6725cb61331c56080ac,carrefour,De Nuestra Tierra,false,user_confirmed_brand_rule
63ae4413c122ad54946445c8c22bbd1e,carrefour,La Fallera,false,user_confirmed_brand_rule
60133f309eaa7c638e7aaa16fb5de322,carrefour,De Nuestra Tierra,false,user_confirmed_brand_rule
657314b85a3aebecb7d3e3326e67ef46,carrefour,De Nuestra Tierra,false,user_confirmed_brand_rule
8d9af068feb8ad735b94ea3382c7e282,carrefour,De Nuestra Tierra,false,user_confirmed_brand_rule
2ffac8f05473065718304affee2eb9d1,carrefour,De Nuestra Tierra,false,user_confirmed_brand_rule
ffea32bcfa199a8bf119b75b0dbdacb5,carrefour,De Nuestra Tierra,false,user_confirmed_brand_rule
e272ebf50529c570f0795e7a67871761,carrefour,La Española,false,user_confirmed_brand_rule
60c3a27bca61843b280c7c13fc581bfd,carrefour,De Nuestra Tierra,false,user_confirmed_brand_rule
b4db8956eee8c98269d86389241fc222,carrefour,De Nuestra Tierra,false,user_confirmed_brand_rule
9fc374f50a31f7b862d039b00f2f458f,carrefour,La Española,false,user_confirmed_brand_rule
76d843ed0959c7e29d294978223d5b9b,carrefour,De Nuestra Tierra,false,user_confirmed_brand_rule
6df62eba63e4dad51f2e177916044f83,carrefour,De Nuestra Tierra,false,user_confirmed_brand_rule
5d878ae8389980dbed169e0d90362268,carrefour,De Nuestra Tierra,false,user_confirmed_brand_rule
40f6567b70db41bf3b6a683758fd5643,carrefour,La Española,false,user_confirmed_brand_rule
c408073b915fd6a4a3564f8415ad373b,carrefour,La Española,false,user_confirmed_brand_rule
f5a7301ed392ed70a65757c8341526a0,dia,La Fallera,false,user_confirmed_brand_rule
7c591d8f967bb4204f017b50dc7690c9,carrefour,De Nuestra Tierra,false,user_confirmed_brand_rule
5a96b958320b887acd218096276062b3,carrefour,De Nuestra Tierra,false,user_confirmed_brand_rule
b620acd065933b642d4e33565ad999f4,carrefour,De Nuestra Tierra,false,user_confirmed_brand_rule
e67356e382b77163841e96df0bebeea7,carrefour,De Nuestra Tierra,false,user_confirmed_brand_rule
02553bf18458f284f35bbbc4fa6b94c5,carrefour,Nakd,false,user_confirmed_brand_rule
45cf37247fb27a5b87b8f8235e90e2ce,carrefour,Nakd,false,user_confirmed_brand_rule
a781fd3d013cec207e2b0980fa036562,carrefour,Nakd,false,user_confirmed_brand_rule
7ec121ef94bfc40c49a2a2def886e244,carrefour,Nakd,false,user_confirmed_brand_rule
3366797a10fecef352e97e83c886b0bf,carrefour,Nakd,false,user_confirmed_brand_rule
f2051dc638b84a46574d6fcd993df618,carrefour,De Nuestra Tierra,false,user_confirmed_brand_rule
270f4d9a1c92ce6d55b9c5278b01bbfe,carrefour,La Bella Easo,false,user_confirmed_brand_rule
3cb99ea925e0ef501c0c5eca724e152c,carrefour,La Bella Easo,false,user_confirmed_brand_rule
4d294fb2d9c1a370be7854036c5f0d70,carrefour,La Bella Easo,false,user_confirmed_brand_rule
43c6da487cfa28356a0969cf4ccf7921,carrefour,La Bella Easo,false,user_confirmed_brand_rule
c1fe5b877d09814e587563b13cc599ad,dia,La Bella Easo,false,user_confirmed_brand_rule
d87559f096c4ddfd082e39ddf8fea3cf,dia,La Bella Easo,false,user_confirmed_brand_rule
45769c063d1083111b8e41e78b939dc3,dia,La Bella Easo,false,user_confirmed_brand_rule
2dbe4df6f7dd1642fbad6088c63ada4d,dia,La Bella Easo,false,user_confirmed_brand_rule
833c55df9d01b5720e889c4029097846,carrefour,La Bella Easo,false,user_confirmed_brand_rule
91e5021fcb47bd7f87b5fdb67641c0d8,carrefour,De Nuestra Tierra,false,user_confirmed_brand_rule
cca393f36ed990f76bec3ffabf53deea,carrefour,1906,false,user_confirmed_brand_rule
6ebc9f76d18dd6c5b851fc58ac997b87,carrefour,1906,false,user_confirmed_brand_rule
8cf4904b2bd2a52952e4dfb7085b10e0,carrefour,18/70 La Rubia,false,user_confirmed_brand_rule
5b41735fd5677065638600efe92b066c,carrefour,1906,false,user_confirmed_brand_rule
a9e497638038bd20dcff39b6d87adec5,carrefour,1906,false,user_confirmed_brand_rule
27cc345119e5125608c65d3a8a257e73,carrefour,1906,false,user_confirmed_brand_rule
1b2453926446399787ead73f4a98fd3c,carrefour,La Sagra,false,user_confirmed_brand_rule
2995427dd91df1597583d0bc8688306e,mercadona,1906,false,user_confirmed_brand_rule
2dd2c9857d772ef42d8b49c14e547aea,mercadona,1906,false,user_confirmed_brand_rule
2ef116c08f7e957c9f6fff83840058cf,mercadona,1897,false,user_confirmed_brand_rule
b5f522d0f3b4661d7e69e54d4381c07b,mercadona,1897,false,user_confirmed_brand_rule
e5d8917ac8e4044220dc4dfeba9ed4fd,dia,La Sagra,false,user_confirmed_brand_rule
f34b4dbdfda2da90e4024cde6ad83b3d,dia,8.6,false,user_confirmed_brand_rule
146b990d40ccfa70e75b7e5f4e42ed7e,dia,8.6,false,user_confirmed_brand_rule
3baac6a17ce339ba5fdece7304e144ef,dia,1906,false,user_confirmed_brand_rule
0f2c8cd36c126a2b574a33c0ef520328,dia,18/70 La Rubia,false,user_confirmed_brand_rule
d0256c1f190fb776f4f72bc311b918c7,dia,1906,false,user_confirmed_brand_rule
6cf14467f3b812782ce99c573501fa79,dia,1906,false,user_confirmed_brand_rule
466d1bd641f717736986069622425998,carrefour,L'Oréal-Elvive,false,user_confirmed_brand_rule
638ae9d713f4c1958bc479de5ce3d90c,carrefour,De Nuestra Tierra,false,user_confirmed_brand_rule
f1177b10489e573ada7fc7813ee61313,carrefour,La Piara,false,user_confirmed_brand_rule
ae79e150c35f9c484dd42f95adf4a5f8,carrefour,De Nuestra Tierra,false,user_confirmed_brand_rule
5082bbf4a5886d023b870eef9dee7587,carrefour,La Piara,false,user_confirmed_brand_rule
94356befc97cbb836d4641b7c5875780,alcampo,,true,user_confirmed_no_brand
57c9f2b837109b5468c5a4bc911e28ac,carrefour,De Nuestra Tierra,false,user_confirmed_brand_rule
b9abcef526fd20d4df7ca8454cdb5f0c,carrefour,De Nuestra Tierra,false,user_confirmed_brand_rule
cf36ec21522096ff72e8511c7d235d65,carrefour,De Nuestra Tierra,false,user_confirmed_brand_rule
d03cc43f32f1823aec0ed06858afc3c1,carrefour,De Nuestra Tierra,false,user_confirmed_brand_rule
3b57b0b4337908651b93951e41721e5f,carrefour,Del Monte,false,user_confirmed_brand_rule
0320f44668058d331fa1360064f186a0,carrefour,De Nuestra Tierra,false,user_confirmed_brand_rule
01e566ae96902ea807c3ccaa0324d2ac,carrefour,De Nuestra Tierra,false,user_confirmed_brand_rule
a975081b2c5d5ad1e2e0dbc771452616,carrefour,De Nuestra Tierra,false,user_confirmed_brand_rule
e3466f81a76dfd48150d184e6ddf5b7e,carrefour,De Nuestra Tierra,false,user_confirmed_brand_rule
4da18b677403043c15fcc48d19ed0f0c,carrefour,De Nuestra Tierra,false,user_confirmed_brand_rule
8a0acb14febf142de7b469304e199b80,carrefour,De Nuestra Tierra,false,user_confirmed_brand_rule
52df9d59888f4330ecbef76033a8f739,carrefour,De Nuestra Tierra,false,user_confirmed_brand_rule
329b7846bd4a8b7ba45f1ffdb5abdb2b,carrefour,De Nuestra Tierra,false,user_confirmed_brand_rule
dcdc455fd60eeea0dc4ba6dd9b320612,dia,Del Monte,false,user_confirmed_brand_rule
7d00f1f59c91288c7110242fc5555c38,dia,Del Monte,false,user_confirmed_brand_rule
b6be6ca549de066773ad89484a5fab49,carrefour,De Nuestra Tierra,false,user_confirmed_brand_rule
0ba05e4c1eca2febb7e6195e8df3ffaf,carrefour,De Nuestra Tierra,false,user_confirmed_brand_rule
723516d6bafbc66829f26b6365459a70,carrefour,De Nuestra Tierra,false,user_confirmed_brand_rule
1ec7e9bf3461d27400fabb824e362bdd,carrefour,De Nuestra Tierra,false,user_confirmed_brand_rule
5b9977fe4b79d8a76421b2380c93575f,carrefour,De Nuestra Tierra,false,user_confirmed_brand_rule
464206bb5e4288e3520033f816cff04f,carrefour,De Nuestra Tierra,false,user_confirmed_brand_rule
f81243c1968f9c47f80b0a7630b3defb,carrefour,De Nuestra Tierra,false,user_confirmed_brand_rule
41df388ebb915de4c008fbc4a98ef700,carrefour,L'Oréal-Elvive,false,user_confirmed_brand_rule
1a07619974085eab06705fd390bcd0fe,carrefour,Nakd,false,user_confirmed_brand_rule
7448790283d8e3901480f41a9cd643c6,carrefour,Nakd,false,user_confirmed_brand_rule
0c935b8aec7ca7db55634e90af6b12d1,carrefour,De Nuestra Tierra,false,user_confirmed_brand_rule
028ef9afe5c8dc9bd384e1bb0e730240,carrefour,De Nuestra Tierra,false,user_confirmed_brand_rule
030f31d535bfead664fd36ea8270dc4c,carrefour,De Nuestra Tierra,false,user_confirmed_brand_rule
cbd1e6bca0663cbcec5913cad6a65be2,carrefour,De Nuestra Tierra,false,user_confirmed_brand_rule
9d33d2c9b8de182eee04bc12df665c31,carrefour,La Piara,false,user_confirmed_brand_rule
e7e6ab2310f366e46d463fb7385cc1d8,carrefour,De Nuestra Tierra,false,user_confirmed_brand_rule
1733f32972b71be3c064d1a88dae5451,carrefour,La Piara,false,user_confirmed_brand_rule
f18a5338f11c6e5f128c8d728b23cece,carrefour,La Piara,false,user_confirmed_brand_rule
36bf20fea6d563141ee79b889c6880c0,carrefour,La Piara,false,user_confirmed_brand_rule
1b252f41c33dc9645047b4ecfc7dbe5c,carrefour,La Piara,false,user_confirmed_brand_rule
9d21f54080677e35e2b6c4b0cdae7928,carrefour,La Vaca que Ríe,false,user_confirmed_brand_rule
3683121f26e265ded2dec3e1609b1e8f,carrefour,La Vaca que Ríe,false,user_confirmed_brand_rule
f17e845d64046b180c98635137e1bd28,carrefour,La Vaca que Ríe,false,user_confirmed_brand_rule
6e267ce5fc489e7cb001ca6cf61d73a3,carrefour,La Vaca que Ríe,false,user_confirmed_brand_rule
ea70c615eaa3595333a857dbe012ec7c,carrefour,La Vaca que Ríe,false,user_confirmed_brand_rule
1cc263e1771a352ef9d0af82ccc54275,carrefour,1880,false,user_confirmed_brand_rule
c0c930f339db6d70137ee0f60185caf9,carrefour,1880,false,user_confirmed_brand_rule
7bdda3489709dd41e3dfba2ac170d51f,carrefour,Ben&Jerry's,false,user_confirmed_brand_rule
131362a0796e2fd7713b04ae208eef01,carrefour,Ben&Jerry's,false,user_confirmed_brand_rule
087b870e60b920f2a6464ec8e8be0418,carrefour,Ben&Jerry's,false,user_confirmed_brand_rule
c2bec16aa133ab6ef45ceda3068e7a12,dia,Ben&Jerry's,false,user_confirmed_brand_rule
230aac7948ae6f01b5675fa5b3b8dc56,carrefour,De Nuestra Tierra,false,user_confirmed_brand_rule
8a29eed96ae841f529ad4e4e72e519b1,carrefour,De Nuestra Tierra,false,user_confirmed_brand_rule
ca81cf163977f5a7b64c12c0abc0f403,carrefour,De Nuestra Tierra,false,user_confirmed_brand_rule
04fa11ae16682c8e4d8e212395506d56,dia,El Pavo,false,user_confirmed_brand_rule
721976fc99ca61ef361bbcafeb9c67bc,dia,El Pavo,false,user_confirmed_brand_rule
ae4167637e632fccfb2c4b8dc8fdcde4,dia,El Pavo,false,user_confirmed_brand_rule
fc69d70e677db80154d76966166108cc,dia,La Lechera,false,user_confirmed_brand_rule
276e5816ce6300a814aa3cc66346f80c,dia,La Lechera,false,user_confirmed_brand_rule
c8cf51e288ae82e59f078015bb30bad5,carrefour,De Nuestra Tierra,false,user_confirmed_brand_rule
865d0cef263930386ea2254ff02e395a,carrefour,De Nuestra Tierra,false,user_confirmed_brand_rule
6db84c3d843eda5e47885263bf8ef232,carrefour,De Nuestra Tierra,false,user_confirmed_brand_rule
319508d69050c62fd581f1a05dcc8697,carrefour,De Nuestra Tierra,false,user_confirmed_brand_rule
6b7d638a9276ab110821e5eaf8c6c0d6,carrefour,De Nuestra Tierra,false,user_confirmed_brand_rule
208e980a5b149d914a6f7b1e5d451ff2,dia,7Up,false,user_confirmed_brand_rule
ef09c347c1649232a10c24c55ed50c8b,carrefour,La Bella Easo,false,user_confirmed_brand_rule
8e30f24bc01a19675e9ab223ab10b904,carrefour,De Nuestra Tierra,false,user_confirmed_brand_rule
aa3aa4ae99a67cd18e71aa768dd26be5,carrefour,De Nuestra Tierra,false,user_confirmed_brand_rule
db46b93ee654180226cb1845648cd98c,carrefour,De Nuestra Tierra,false,user_confirmed_brand_rule
3d1fea2e8f55fea471b22411ce27fa22,carrefour,El Pavo,false,user_confirmed_brand_rule
9af6c61e7bd12bdce17114052c43ce0a,mercadona,La Piara,false,user_confirmed_brand_rule
f88f1141bb56813c52b054970ce502f4,dia,La Piara,false,user_confirmed_brand_rule
30307b83c7485f1d1655df0794dbaa9a,dia,La Piara,false,user_confirmed_brand_rule
a8cb3a0d671ecfa9403a424716568178,dia,La Piara,false,user_confirmed_brand_rule
b26e48f6fb365088874a73cfef105042,dia,La Piara,false,user_confirmed_brand_rule
3e035209a1b602298788ad8e11b284ce,dia,La Piara,false,user_confirmed_brand_rule
b14e6de1e3427d13e2b15f615efd1aa0,dia,La Piara,false,user_confirmed_brand_rule
8e78cdb16bccab7525e4a189066a2fb8,dia,La Piara,false,user_confirmed_brand_rule
19ff7886811e74adb5c84e1217e0f686,dia,La Piara,false,user_confirmed_brand_rule
3f6b1c373030581f859191eb98e1aa7d,dia,La Piara,false,user_confirmed_brand_rule
fda23d1c387bd71e976b2c34da941f8c,dia,La Piara,false,user_confirmed_brand_rule
d9bff78008c82a330643527b60b7ef5f,dia,La Piara,false,user_confirmed_brand_rule
aa8573dbe591d624ffd81406032b0abb,carrefour,De Nuestra Tierra,false,user_confirmed_brand_rule
8abdbb0da1e3820d43c1dbbdd8d4dc5f,carrefour,De Nuestra Tierra,false,user_confirmed_brand_rule
0a6f4c2426acdca19d0a4052ad7457ac,carrefour,De Nuestra Tierra,false,user_confirmed_brand_rule
7783ba37271d0ce5ba81b4ced1877783,carrefour,De Nuestra Tierra,false,user_confirmed_brand_rule
24af8547ef65c9ae19c0fe37767202ec,carrefour,De Nuestra Tierra,false,user_confirmed_brand_rule
55a3e4caa6792da2dceea1b25b54751c,mercadona,La Vaca que Ríe,false,user_confirmed_brand_rule
34fa2c5c9ad5e823b1ead1f0055ab6e7,carrefour,De Nuestra Tierra,false,user_confirmed_brand_rule
77b6a5a701253e5810612c71d7b753e8,carrefour,De Nuestra Tierra,false,user_confirmed_brand_rule
5df900eef4464e499de570651b39a143,carrefour,La Vaca que Ríe,false,user_confirmed_brand_rule
1d025d73f3820c58244b707d393658df,carrefour,7Up,false,user_confirmed_brand_rule
f72668bd0b55be341023684f974c2481,carrefour,7Up,false,user_confirmed_brand_rule
de6049d04499081dd2e65b76b293ab3a,carrefour,7Up,false,user_confirmed_brand_rule
0195013db917ae3b1d527877b2f83e25,carrefour,7Up,false,user_confirmed_brand_rule
698b1fd6ecb22d55b18f261fd9ccc729,carrefour,Ben&Jerry's,false,user_confirmed_brand_rule
9466a6b20aa870fa914d448045b29cfa,carrefour,Ben&Jerry's,false,user_confirmed_brand_rule
98249acfd73c494c2faea0fd686eeb47,carrefour,Ben&Jerry's,false,user_confirmed_brand_rule
416c88391c8510a381296d97530c5c3c,carrefour,Ben&Jerry's,false,user_confirmed_brand_rule
0fcbb24d5743a33a439c97a260d19f3c,carrefour,Ben&Jerry's,false,user_confirmed_brand_rule
58fc1f4013d5a2992155f47f80fc2d4d,carrefour,De Nuestra Tierra,false,user_confirmed_brand_rule
8662355afc82913533da9b663596387b,carrefour,La Vaca que Ríe,false,user_confirmed_brand_rule
b0d1db3c85118c97e130cc36ec0cc43a,carrefour,De Nuestra Tierra,false,user_confirmed_brand_rule
5d39f42546acab9e0791cfb9c1c20d2a,carrefour,La Vaca que Ríe,false,user_confirmed_brand_rule
1d57f90154d72623aa2eca5dfe35603d,carrefour,La Vaca que Ríe,false,user_confirmed_brand_rule
82f4a94c3b48e038389988d9aee1b636,carrefour,De Nuestra Tierra,false,user_confirmed_brand_rule
a51dae762c0d3c030df629817ae1c6e2,dia,La Gergaleña,false,user_confirmed_brand_rule
46eb9b992d2751ddd5e2650b1672a4d6,carrefour,La Lechera,false,user_confirmed_brand_rule
174fd6a2ac674d94df217ce0a681689f,dia,La Vaca que Ríe,false,user_confirmed_brand_rule
903842ed84718b194ce0f03bc7f95b21,dia,La Vaca que Ríe,false,user_confirmed_brand_rule
3835d657a983fdb08804f8771f2add03,dia,La Vaca que Ríe,false,user_confirmed_brand_rule
a27da0d2880d28faea5397410a318c9d,alcampo,1880,false,user_confirmed_brand_rule
97fcf7be4421b33bd992a8edba7d7d14,alcampo,1880,false,user_confirmed_brand_rule
9f6f5056937f4466ad374ff9df66c2a7,alcampo,1880,false,user_confirmed_brand_rule
cdc363e0c338c7a170ad6fdc71671c77,alcampo,1880,false,user_confirmed_brand_rule
7416098e3ab4f88b536e595bd221723f,alcampo,1880,false,user_confirmed_brand_rule
448b75e71580a5936de2afa7fcd4781b,alcampo,1880,false,user_confirmed_brand_rule
cdaea63436745b0aa216f3cccd8f9d5d,alcampo,1906,false,user_confirmed_brand_rule
ad14eb58476b0eb61c1de8815d4d65e6,alcampo,1906,false,user_confirmed_brand_rule
2e5723312aaee7ad0b18f8cc724f6f26,alcampo,1906,false,user_confirmed_brand_rule
76dc0781dd4e3abc25480a2386c8a21e,alcampo,1906,false,user_confirmed_brand_rule
0f0729baae5be119f142c2a958cea63a,alcampo,1906,false,user_confirmed_brand_rule
6db6405467889d75a11f73bbfdf0ddd6,alcampo,1906,false,user_confirmed_brand_rule
b96440ea2e74187f4353d014f8bb1e46,alcampo,1906,false,user_confirmed_brand_rule
ed68fe9086d1a931ff06507b764ae2d8,alcampo,1906,false,user_confirmed_brand_rule
ab67dab0a7d7618e3f7f49b931571e45,alcampo,1906,false,user_confirmed_brand_rule
831cc52ea53daf6f564860feffc4c358,alcampo,1906,false,user_confirmed_brand_rule
66e529a1e8117c741fa4368736e3060e,alcampo,1906,false,user_confirmed_brand_rule
1777318d26f3c3f6105b130425a776aa,alcampo,8.6,false,user_confirmed_brand_rule
e68a69f8c98ad26abf9c633abfa7e605,alcampo,8.6,false,user_confirmed_brand_rule
575a200f0f7cd5e5ffaa72abb9c236d5,alcampo,8.6,false,user_confirmed_brand_rule
1890692376e30efc2e8c959fdcb3a735,alcampo,Ben&Jerry's,false,user_confirmed_brand_rule
34804d2150ef720f2dc6542af1e269c0,alcampo,Ben&Jerry's,false,user_confirmed_brand_rule
d910940b36e4aa94c5cdf4feae3e86c4,alcampo,Ben&Jerry's,false,user_confirmed_brand_rule
db3b528daa651ba35744f84f145b7e84,alcampo,Ben&Jerry's,false,user_confirmed_brand_rule
8017c131f9d08dbc2d9f7e3c6fd03ee6,alcampo,Ben&Jerry's,false,user_confirmed_brand_rule
abd24db67fd3a6238e9981df86ac08f0,alcampo,Ben&Jerry's,false,user_confirmed_brand_rule
5b97eb1f2e4d75e647383ba29b0fafb3,alcampo,La Bella Easo,false,user_confirmed_brand_rule
6ad81df61ad84d861db1b51a1d048e7e,alcampo,La Bella Easo,false,user_confirmed_brand_rule
d8cb9dc2cc47f3a9d511cf724df7f337,alcampo,La Bella Easo,false,user_confirmed_brand_rule
2c07ee33c4c822c5966e047dd23b09d1,alcampo,La Bella Easo,false,user_confirmed_brand_rule
0b0858b00076b3b8d351738827603099,alcampo,La Bella Easo,false,user_confirmed_brand_rule
9fa0930fd15d3b46d1848c32b8a9774b,alcampo,La Bella Easo,false,user_confirmed_brand_rule
d7c72b62b3cf0263cdc1ca8d1fd3cc1d,alcampo,La Bella Easo,false,user_confirmed_brand_rule
647cb336164487271a14c006b070cbfe,alcampo,La Bella Easo,false,user_confirmed_brand_rule
d4841d753109de328f18fd236a0e5175,alcampo,La Bella Easo,false,user_confirmed_brand_rule
f066fbfb3fcc597bc32946007dcc3aa8,alcampo,La Bella Easo,false,user_confirmed_brand_rule
8153831c8ed6f93a989618e37ebcc14d,alcampo,La Bella Easo,false,user_confirmed_brand_rule
1f1991be78ff5b5a25a7e4cf721b1af5,alcampo,La Sagra,false,user_confirmed_brand_rule
4c608ecf3ce622d5cb7ddcbd3a146ad4,alcampo,La Sagra,false,user_confirmed_brand_rule
a79ada566606679568fbc553103e7f43,alcampo,La Sagra,false,user_confirmed_brand_rule
3a64eb68548fa8a1fe09c890461ed5fd,alcampo,La Sagra,false,user_confirmed_brand_rule
233af91567ac3034b53546fb4a30dad9,alcampo,18/70 La Rubia,false,user_confirmed_brand_rule
c53b9f5e11d8c21db053c30afedca511,alcampo,La Sagra,false,user_confirmed_brand_rule
d08c05c9504a51a93eccfc48600f8ffc,alcampo,La Sagra,false,user_confirmed_brand_rule
13842cbb8d293a2ea509aadab10e8e6d,alcampo,La Sagra,false,user_confirmed_brand_rule
197cb6be8dcd9413b04c72fbf04b195c,alcampo,La Sagra,false,user_confirmed_brand_rule
dbc3b9e027854fd38eeba16b57745ead,alcampo,La Sagra,false,user_confirmed_brand_rule
b1cb5d041803f232effd36bea7b9ec17,alcampo,La Sagra,false,user_confirmed_brand_rule
4df9e0943c879e1149532d8159d11af9,alcampo,La Sagra,false,user_confirmed_brand_rule
8c803c53d07c308782972028db889ee5,alcampo,La Sagra,false,user_confirmed_brand_rule
b66f4dc4b48432af610cbfcfa494428b,alcampo,La Lechera,false,user_confirmed_brand_rule
f96937e44bf70116f20ad876d67f5be4,alcampo,La Lechera,false,user_confirmed_brand_rule
ac4185a9c8039ad1daf2d216c87f2005,alcampo,La Española,false,user_confirmed_brand_rule
01666e90ff5020c42e068e52d04be52d,alcampo,La Lechera,false,user_confirmed_brand_rule
eb2f84e5ddc10fbeb2d33f59294d1b5f,alcampo,La Lechera,false,user_confirmed_brand_rule
b0d2c66ff8edc017edba3b9e64f417be,alcampo,La Lechera,false,user_confirmed_brand_rule
5cbd0c022a73ead50cb703b5263533b0,alcampo,La Lechera,false,user_confirmed_brand_rule
868457fbbfd3b5d2f95d57c21cf527b7,alcampo,La Lechera,false,user_confirmed_brand_rule
c69ff1ca69272fa00b68f7d23e824e3f,alcampo,La Lechera,false,user_confirmed_brand_rule
30bf8a5ed22f338c2a69722c036993a2,alcampo,La Lechera,false,user_confirmed_brand_rule
c5912fc5560a240216549946cc6b32dd,alcampo,La Lechera,false,user_confirmed_brand_rule
b2e07d7e4138ce6f4368da02f5075790,alcampo,La Lechera,false,user_confirmed_brand_rule
04fb1f4698b0025536d91ba30dbc42b6,alcampo,La Lechera,false,user_confirmed_brand_rule
5238a88eb0240d883b67317571a8e023,alcampo,La Vaca que Ríe,false,user_confirmed_brand_rule
8f6e5b756defa114fe0ca363cb365edc,alcampo,La Vaca que Ríe,false,user_confirmed_brand_rule
52b1a36d6d9e9bf077dab57b7b7d6af9,alcampo,La Vaca que Ríe,false,user_confirmed_brand_rule
4ba947b9cf43b095b7dc2c6658ecbe20,alcampo,La Vaca que Ríe,false,user_confirmed_brand_rule
17809bd44c4cb8afed02bd6b8bed6623,alcampo,La Vaca que Ríe,false,user_confirmed_brand_rule
2210e8b3749b467646147871ce0e5445,alcampo,La Vaca que Ríe,false,user_confirmed_brand_rule
a03b3494723d11a8583fd4577de5dac5,alcampo,La Vaca que Ríe,false,user_confirmed_brand_rule
7bf9751a5dda62880995c1e55031e0f0,alcampo,La Vaca que Ríe,false,user_confirmed_brand_rule
6b781b37975db1dd9a6ad7119510c004,alcampo,La Vaca que Ríe,false,user_confirmed_brand_rule
64ad250ed0aa7c66319d1ad659da1e75,alcampo,La Vaca que Ríe,false,user_confirmed_brand_rule
44ca78bcd9b05ed71a748b347bbb6340,alcampo,La Vaca que Ríe,false,user_confirmed_brand_rule
e22f7793cf8d1fd1f27f7f29012d05f8,alcampo,La Vaca que Ríe,false,user_confirmed_brand_rule
193c06570cd85441f1a25ba93990eb1f,alcampo,La Vaca que Ríe,false,user_confirmed_brand_rule
335cd8d485c7f151da619f004d590f08,alcampo,La Vaca que Ríe,false,user_confirmed_brand_rule
9a9033898c8f7a7e2d65d7520bc47b8a,alcampo,La Vaca que Ríe,false,user_confirmed_brand_rule
57791794125696ed15a8a6f7fb9590e8,alcampo,La Vaca que Ríe,false,user_confirmed_brand_rule
12fd88ccf5c0bb75cebdf52e05aa053b,alcampo,La Vaca que Ríe,false,user_confirmed_brand_rule
0af53c4cea833c6749c8282426246113,alcampo,La Vaca que Ríe,false,user_confirmed_brand_rule
295c2208baaf4fed8f517ccd4c27fd9a,alcampo,La Vaca que Ríe,false,user_confirmed_brand_rule
d80132789d46e10b3f75c3250ee46154,alcampo,La Lechera,false,user_confirmed_brand_rule
a6980c12257d4d2b972fcbf75e63af67,alcampo,La Lechera,false,user_confirmed_brand_rule
979ce536d57d3a2e04d63a8ce37c7ed7,alcampo,La Lechera,false,user_confirmed_brand_rule
d5d2392fded4d2d99d73af41c9c47215,alcampo,La Lechera,false,user_confirmed_brand_rule
